GRE_Score,TOEFL_Score,University_Rating,SOP,LOR,CGPA,Research,Chance_of_Admit
328,100,5,2.5953441188149178,1.906909529319853,9.51637771022849,1,1.0
318,104,4,4.690492232351159,4.517364080706113,9.168351229573592,1,1.0
304,109,5,2.888241736787993,4.235159938254154,9.069891198302296,0,1.0
332,106,3,1.0536105057286624,3.7086096498306946,8.31130049907465,1,0.9892601920277384
297,95,1,2.130982758315048,3.500116744340823,8.964673337738326,1,0.8583585093154338
310,106,3,1.1783796334918462,2.26619866107148,8.52461858826478,1,0.9483336819658583
328,113,3,1.1451504904540086,4.2656431398601224,7.47470164794197,1,0.9128025389779229
308,93,2,2.102879412382209,3.006061845918935,7.4507957073520785,1,0.743844606860987
312,106,2,2.1024493547157816,1.2835663035651415,7.7247430614508845,1,0.7944289842101657
300,99,2,4.148506410406416,2.25145264342052,9.641704333425817,0,1.0
300,99,2,4.899338611124447,4.741188394181311,8.507934301984745,1,0.9469417367172426
313,108,5,2.484828375559993,4.402721042419385,9.089784776245832,1,1.0
325,103,4,2.7155475154441544,4.927622792306156,7.881263330627628,0,1.0
329,110,1,4.379157745144086,3.5119735304163924,8.072073204475503,0,0.8764188584764443
313,101,3,2.0725560803820535,1.9900402925616478,7.191764605348224,1,0.7890033349014476
292,100,5,1.6255272176137918,1.651260198707455,7.334440268403611,0,0.8482126910682806
311,96,1,4.412358493614602,1.7476577624338465,9.381352451057573,1,0.9460702119861177
291,97,5,1.186002345760262,1.0791826333890175,8.624696530869311,1,0.995285726004095
313,111,5,3.478797760797663,2.5627284439437568,7.853101293557515,0,1.0
333,117,3,3.247971389867227,1.76571072199817,9.304895772066104,1,1.0
319,93,4,2.383681790006777,2.6466218418268097,7.569142105590506,1,0.8984285326220247
327,118,2,2.260758084389436,4.739977727355061,9.845222019632637,0,1.0
291,115,4,4.087430904726485,2.72216083802876,7.875830936168049,0,0.9537753410622787
310,118,3,1.345698443050186,4.511937987939339,7.85241017695183,0,0.924523342117991
322,104,3,1.9471372372455416,3.422019066463506,7.77316514527452,0,0.8881083373587506
301,97,3,3.929794927352359,1.9885262186455677,7.180987929683778,1,0.7814002161166655
311,96,1,3.193282334905697,2.4234190370368456,7.146747899675878,0,0.6499003889492228
333,116,4,1.5119528341343456,1.3356781432857177,8.822087707746466,0,1.0
314,92,4,4.528542457128241,2.333850374384042,9.530368299021106,0,1.0
338,112,5,2.573791386254366,3.710163782014136,9.26642399204762,0,1.0
316,113,5,4.311473501288692,1.2884443717177407,7.240255693346615,0,0.9607178135414145
331,112,5,4.150852062110834,1.8216056339121174,8.502216219991247,1,1.0
317,97,3,3.497701785886912,2.525764165653246,7.129445623447117,0,0.7894346942039498
305,97,4,2.977924525180372,4.92819814806385,6.941319288072801,1,0.8553844754887079
304,114,3,4.918203361527027,4.139447291835521,8.847923881280474,0,1.0
336,107,1,1.5798602895192682,3.9339469859684155,8.469675281082694,0,0.891515897123695
340,95,5,3.900622910204459,1.464763826101784,7.055913897859789,0,0.9290206193501764
333,102,3,1.764762805859156,4.123983574459966,6.909010448786684,0,0.8094251795139678
292,115,3,2.3530524213293935,4.1410752460640605,9.888040009837123,0,1.0
326,114,1,2.234794973492781,3.404410782497313,6.893666556305104,0,0.7048716896349514
340,100,2,4.7881439509548915,4.9614471279934875,8.186928149516497,0,0.9733862823331472
296,114,4,4.869424711153101,2.301015623698208,8.37441135677601,0,1.0
310,94,2,1.7320617769389086,4.765089792967407,7.165914061137388,1,0.740629202247955
298,110,5,1.0881406411900167,4.658924459826014,7.327472748731915,0,0.9319086959239122
328,99,3,3.8800321586524524,1.0459226389975114,7.8976316200003,1,0.910576993801433
307,96,1,2.6719597354819373,2.800466105899244,9.176428733786627,0,0.8835307276223934
293,95,1,1.3553609803502575,4.908416932206293,8.382097163068032,1,0.7919805231012749
314,115,4,3.73501642230817,1.4124854496323032,8.79025384860524,0,1.0
303,97,2,3.1804221130427988,3.191138777533278,9.873744611882906,0,1.0
339,93,4,4.922067288004424,4.915830028164416,9.196176958177213,0,1.0
298,111,3,1.9096379834455157,3.2219816964234407,8.155207874200599,1,0.9229528414783985
315,119,4,2.615911505306193,1.759261211888624,8.192898796005231,1,1.0
291,102,1,3.1701832135816916,3.328732920370359,8.730568880367935,1,0.8529796567077552
309,95,1,4.166799953813406,1.8177622957981874,8.875939450266982,1,0.8756834923216217
317,106,5,3.195354626880235,3.078817051577937,8.362218088610415,0,1.0
336,97,5,3.451600643447797,1.296168871649392,8.811967015182738,0,1.0
296,113,3,1.904588206359763,3.4219306768576185,6.873421382571988,0,0.7544567987169741
333,108,2,4.387674912354239,3.0671597565126327,8.140423335358154,1,0.9591953147013608
297,115,4,2.714522187881903,3.9606454750458524,7.670286797349247,0,0.9401977437637994
336,97,3,1.563838510087077,3.52280188463514,7.2030242691585045,1,0.842271960499211
324,110,5,3.6567516580216695,3.1984250741230267,7.110585119963378,1,0.9941514671840435
303,116,4,1.86436181274123,3.7591153969924846,8.681959556717763,1,1.0
306,93,5,1.390250040957199,1.5757676542889234,8.43363370711615,1,1.0
325,106,4,4.447947633617089,3.3814386450344163,7.591182445028672,1,0.9975935125068989
339,102,2,2.8406490579537587,1.6884424112911107,8.269364183370245,0,0.9004776079236385
329,99,3,3.9971348507831057,4.702088831407524,8.335764823369114,1,1.0
293,117,4,2.1623502392254204,1.2733364193824168,7.408428018968481,1,0.8722556852333256
291,110,1,4.147880539670665,2.721498998763173,8.83453035307075,0,0.8747752139821947
295,104,1,1.4477437080861213,3.7831899106217795,9.236468391924602,1,0.9078543348409003
331,103,4,2.423893495179411,2.832088846673035,9.269366247575299,1,1.0
293,96,4,4.912247271894114,1.3683810129316094,8.67970587179478,0,0.9874231381855165
318,97,4,4.175958865472024,3.2135160645068295,8.396312377459324,0,1.0
307,117,1,2.9890237212587527,3.566527635309418,6.990342286176832,0,0.70229642368162
315,113,1,2.3591098862475404,3.8151692439620306,7.69803365241701,1,0.8053676736173565
333,95,4,4.488542800089906,2.4930392578510356,7.09100691394789,0,0.8861191818586529
323,110,5,3.1793910363380626,3.254639884115049,9.807128261940838,0,1.0
299,111,5,4.033700071476444,2.8027458997556525,7.2214500562243735,0,0.9397598881863942
325,92,2,4.016430721264657,3.6882241550090136,7.273539278735438,1,0.7957874156236402
303,111,3,1.0717827142739673,3.334227869299274,9.575479049191136,0,1.0
320,108,5,1.5050151311704538,3.1030248782365395,9.745056244446548,1,1.0
337,103,1,3.638517465578969,1.9980974673529945,9.189386602412918,1,0.9879103286838147
304,106,5,1.6464792451434858,1.0080740709929357,6.81686336185873,0,0.817504530552223
297,92,2,2.0219733786224188,1.696326701245717,6.804200365384479,1,0.6176931718252732
303,117,2,4.786551816798429,1.4682641656966746,7.979674401736847,1,0.8861062480940398
312,105,3,3.2407290334996475,2.796338980043787,7.247393554433985,0,0.8180766537288169
329,97,5,4.002918027997389,3.4490326030473786,6.857364763512983,1,0.9445640143213216
310,96,1,3.2319229551305595,1.8523400347392327,8.247888070942054,0,0.770947116385702
305,102,1,3.210054459130901,4.7562283838687485,9.742353119909751,1,1.0
334,95,4,1.3766076405027916,1.0267285168955511,7.810317073695586,1,0.9197181558787393
307,104,1,2.374652770436412,4.0892040606613715,8.862758916697533,0,0.8870419833619301
336,102,3,2.129723594746047,3.500819078121769,8.834974301773215,0,1.0
313,94,3,2.562913462454453,2.4942192041907276,7.583369923435323,1,0.8314127326827525
315,92,1,4.193376752897313,1.2019557776496317,8.829326776330456,1,0.8630464894260554
314,97,1,2.4877306716674594,3.5099462871371174,7.4624819997751,0,0.7039706176010225
334,109,4,2.806787276926731,2.542454051462592,7.180663130359894,1,0.9348098909488791
330,115,1,2.589525561941266,4.745068557652877,8.988315850946233,1,1.0
318,101,4,1.3736318879011824,3.1679602995590637,7.15393534936422,1,0.8633056772226295
304,96,4,2.764288633003135,4.758606045174033,9.910356761998788,1,1.0
334,114,1,1.7824370921780601,1.8819347738932164,7.372371491588716,0,0.7451964636216792
290,101,2,1.746893183092166,3.902903641456413,8.653722611800147,0,0.8657463662502516
314,103,2,1.3761444177370654,3.4689960833949027,8.083488662807278,0,0.8380098836383798
296,93,4,2.426683896567059,3.9576329193252473,7.194325637905681,0,0.8104257785222839
298,104,1,4.029927539157669,1.8586714558901472,6.886872991641529,0,0.6205010143736387
313,99,2,2.1057667623335843,3.659978064951095,8.74292472075364,0,0.9180628617919431
290,93,1,2.2493964075420543,2.992161572227476,9.317083599022073,1,0.8739071211311886
333,111,1,3.5706986306896944,3.971299899625265,9.42708886390104,0,1.0
297,92,1,1.7833632503476755,2.308178576607271,8.306066036000036,1,0.7445007721278905
313,96,5,4.587831721694137,4.560228101861011,9.225661057609043,1,1.0
300,100,1,3.080762093006218,1.3372052584454015,8.89928305648426,1,0.8499386496597823
340,108,5,2.790411761280868,4.228757275164752,9.059674125797295,0,1.0
306,100,4,3.2312807677168056,4.445278503260363,8.33690889629206,1,1.0
297,102,2,1.6641372536647818,4.269009245467284,8.776244629555435,0,0.9023487087782325
324,106,2,3.453892554556705,3.050905577047104,9.313240850357298,1,1.0
324,115,2,2.4524029465360417,2.7535399201230453,8.041398627737912,1,0.9140164611152177
322,97,2,4.588745363858475,4.985049146099508,9.314654170706861,0,1.0
294,114,2,1.6754168267107445,1.9166878048566485,8.647092549501876,1,0.8970414678501601
331,94,2,3.028204415461764,3.1875038635041784,7.317611196036853,1,0.7947521798513817
328,108,2,3.392450517476072,3.682702101529302,6.8770145705407035,1,0.7921268924704998
330,96,4,1.133534407145525,3.803470543445728,7.931791233245354,1,0.9726104977423482
317,119,1,2.454772499024561,1.8160986629543148,8.50569254428458,0,0.8718331425687658
296,103,3,3.930540938803331,3.615976369359205,9.420239498874883,1,1.0
298,109,5,4.281510029795893,4.273478265925349,7.197755322037568,1,0.9778839296419735
297,105,3,2.2526479792691294,1.2000743072844489,9.296643804772767,0,0.9910408874648735
301,112,3,4.194373089531005,4.646085173301266,9.492588223729747,1,1.0
323,115,1,4.871023508413556,1.1180162205808237,7.270144959442601,1,0.7703600470176029
322,102,1,4.427495744300376,2.4238841299535774,9.456974276229163,1,1.0
337,100,1,1.4705759526373008,1.0632527849318483,9.893335131669511,1,1.0
312,93,2,3.9589213283421625,1.3085806741583275,9.067737152870501,0,0.9267170710586261
313,103,4,2.278667329762179,4.644673140720316,9.248481407293962,1,1.0
326,94,2,4.953663957648306,2.4194433229845913,9.902575634783684,0,1.0
324,94,4,2.9414359326395485,2.6990861217002116,8.68910150164095,1,1.0
333,92,4,1.4897355934357641,1.8613775255302105,7.760605511890698,1,0.9187518488558695
329,99,3,3.900742192109563,3.388383080746879,9.413096202317293,1,1.0
311,113,3,2.2920447935448554,3.3792128587111585,8.71719562583629,0,1.0
316,119,4,4.988312628326646,2.488801567300877,8.613329722009384,1,1.0
324,120,4,4.919129831418088,2.3321394872215935,7.5913429332038,1,1.0
290,99,2,3.6245360720823228,4.539857232722351,9.159762921098606,0,0.9613417006414298
324,102,2,1.5193057958068703,2.5331369585688055,7.0548019006835005,0,0.7179484491105992
326,100,3,3.7474439907001162,2.974003968617633,9.683775660879343,0,1.0
336,96,1,1.3721219458401088,2.1332190496997225,7.816569197603912,0,0.7462069786908061
303,105,4,1.1174566364095693,4.1470780134285095,7.1986569167047705,1,0.8632184624154102
292,119,2,4.291833784885944,2.5897926275963665,8.180183583279547,1,0.9053178452208588
290,94,3,1.8390117907347254,3.054444186177298,6.932506116880384,1,0.7052504738424159
294,112,2,2.5161085048763896,2.0134286802386456,8.936033726106695,1,0.9408100707748828
315,96,4,4.893829559904693,4.950638369365008,9.61644119258951,0,1.0
303,96,4,2.347362007444413,2.1659829636948915,9.412260582272147,1,1.0
328,110,5,2.185959125133261,4.082970123622207,7.197392757157389,1,1.0
316,118,1,4.672831998491101,2.7099826014270367,7.193965947776123,1,0.7801109299332518
298,105,5,1.4429937812758324,1.8248696203365595,9.337915584851704,1,1.0
304,117,3,4.038329640458527,4.198875055859444,9.683673336761721,0,1.0
304,95,2,4.952262266611096,2.3344271561161727,8.237289869080486,1,0.8703962422094107
315,116,3,4.605184043098595,4.460773389591244,8.356789884770949,1,1.0
331,104,4,3.6066716748257037,4.661028739671292,7.792977569123464,1,1.0
302,101,5,2.256243179970928,4.439295341565104,9.590107168960012,0,1.0
340,116,5,2.017287924713267,1.1400316592272226,8.81209706451215,0,1.0
321,109,5,4.2770204194858445,4.149493380020422,7.69934492076219,1,1.0
328,99,3,4.519287655806782,2.6453578659965755,7.732202557689265,1,0.9281439931375619
338,99,4,3.1017396501827714,4.4948916807289,9.58054422795844,1,1.0
321,98,2,1.9773597631458646,3.551817050738955,6.842538154586163,0,0.6991232246232355
293,99,2,1.4517728336446942,4.334572536575834,7.806906906907112,1,0.7867449272889577
319,105,3,1.3487178713273247,2.9977270794673414,8.529592845395072,1,0.9790919877395909
326,110,5,3.8763097894154224,3.1401020183957313,7.262438481749893,1,1.0
312,120,1,2.6804749113909,1.577550528534669,7.08734811310272,0,0.69418773113967
328,97,3,4.621439497111481,4.135949434757421,9.343662153002548,1,1.0
334,92,3,3.9586852029070547,2.6775584466678866,9.590541692583344,1,1.0
304,114,4,1.7650416716583468,3.0003204730863304,9.36965203289035,0,1.0
332,106,2,3.455109675262796,4.14039085638283,9.604218215980524,0,1.0
318,92,3,2.7420218175926374,3.395381600317756,8.525709349702119,1,0.9666789582511388
325,116,3,3.3089989230744523,1.8043949097706697,9.334245337489866,0,1.0
302,108,5,3.9522764933540686,3.360930636603571,7.998213031780233,1,1.0
321,92,5,4.224783524015163,2.630531431918623,8.8787557278146,0,1.0
296,106,1,4.374949305626897,2.8781021681754506,9.885166857934193,0,1.0
340,114,4,2.015899498288099,1.1132450976106711,7.5042704983780775,1,0.9636920184373601
311,93,1,1.1244623996694307,1.8401173980651264,8.01648720842817,1,0.7222518591731983
317,105,5,3.9571789406590927,2.124152325524113,8.297747817207467,1,1.0
291,112,2,1.4253749050230984,3.851840031435223,7.230608319502561,0,0.7239602773550755
331,99,5,2.2596783544518706,1.0459698931924613,7.052840464650977,1,0.9092771976136191
334,99,4,1.0152685364973886,2.635109044916528,9.388735342923468,1,1.0
295,110,5,3.7266779296064803,4.696107481702931,9.847598443222068,1,1.0
317,98,4,1.668528045884885,1.4475224661964954,8.062742199148534,1,0.9368333945573224
317,110,4,3.6211296387666327,3.065697552874444,7.073467488927318,1,0.9128710312904098
333,97,4,4.966970468671356,4.146089529563389,7.005332693354599,0,0.917594972703871
333,97,4,1.2906834864400651,4.770125230080467,9.580912803844132,1,1.0
309,94,4,1.3083120478058428,3.987106558134872,8.247100459150362,1,0.9683658593512297
319,98,2,2.3615203706666996,3.8822621945776246,7.798485227674663,0,0.8216010105594465
300,110,1,4.465546057005368,4.305952360783049,8.286559166266926,1,0.879037026997429
317,99,3,1.8621194751653274,2.7848048839101747,7.793108775440124,1,0.8733086476819332
314,101,1,2.4415112797213903,4.223378130471332,8.325791618959775,1,0.8509566029687279
328,111,4,1.2740216265079183,1.0318576189818045,9.481815958383963,1,1.0
322,106,2,4.052621165035557,4.6982442215072195,8.647980277713739,1,1.0
290,106,5,2.6332253710378044,2.7732260380687013,8.967319771167748,0,1.0
316,120,2,4.036994932243371,3.2135207514629904,7.93777250985113,0,0.9137544728729003
302,92,4,4.614431377387181,2.0195289956595293,9.104138340952819,0,1.0
330,111,2,1.931052588405155,3.9701233313616857,8.879845304823641,1,1.0
292,98,2,4.229584121359805,1.3065432259009953,7.173033432986416,0,0.6786485927404433
328,118,4,1.236375560313013,4.490543210187341,8.586645701720624,1,1.0
295,95,2,4.59538955272099,4.312467316025371,7.601039708486445,1,0.8039629422343406
297,120,3,3.6030741902349894,1.8642404649790656,9.30877848925681,1,1.0
316,97,3,4.496906896553407,4.237297593141049,8.128925650416852,0,0.9524556474782746
298,116,2,1.0007535982263276,4.145430932245926,9.90341459541304,0,1.0
326,92,5,1.67632428142397,3.528866391015796,7.088601366369566,0,0.8954440811144
322,120,4,2.5590375497059683,2.49408070759875,9.234685331749294,1,1.0
340,96,3,2.5180116134988744,2.0859950167274715,8.901949408651529,0,1.0
331,118,5,1.9069215316940427,1.9271343611574,9.194596351443,1,1.0
333,114,2,2.5264477594688004,2.2744358510544287,7.759492961930223,0,0.8682277290510529
313,92,5,1.5153948480010193,4.614233773730121,8.33521000687309,0,1.0
304,95,1,2.651044517064104,1.310563103955125,9.28510658153797,1,0.8819090748248195
321,113,3,4.209417316637056,4.315485105011835,7.525528954657068,1,0.9547773984102421
321,93,2,2.916280252413405,2.3955603001672943,7.505223573980595,0,0.7590118380191297
313,101,4,1.07200035578086,3.0863975840454327,8.519278974280189,0,0.9909342415348887
330,96,2,2.6857761663169897,4.177942534593963,8.43351836813315,0,0.9240196459251471
338,118,4,1.1087000643633766,4.537506188091886,7.6806589076883505,1,1.0
338,101,2,4.864973642827193,2.379125680290588,7.729996029637447,1,0.8948842384066689
301,92,5,1.5098158376914759,2.8473739251004413,7.666876909204484,0,0.9005876392343093
328,113,5,3.830753305322475,2.658064259267169,9.207117633435281,0,1.0
291,97,5,4.891105291568343,1.0530041340156422,8.833930700554877,1,1.0
292,104,1,4.3041562066662875,2.1837715554346264,9.397141612239988,0,0.9196476092178476
338,106,4,3.7972615005048147,2.8367569349302473,9.843475848339748,1,1.0
326,95,5,4.357843638003068,2.644374435521759,8.279392604368597,1,1.0
338,104,1,4.92719477304251,3.887716910062718,7.008084909985,1,0.7838964930379464
306,115,4,3.4853779890141183,2.539214468884413,6.950048008485551,1,0.879938454813527
338,111,2,3.236739227317306,2.957505795882681,7.722474922527452,1,0.9077624168703768
291,115,1,3.5129524418531255,2.7184343685294534,9.709539118779647,1,1.0
291,106,3,3.13070354704622,3.962504595577482,8.43242473150913,0,0.9393448026586522
317,120,1,3.540356423638875,4.451889595947851,7.647973930170003,1,0.854084697529736
312,99,1,2.799368831890237,3.1275563160300566,8.045400398874381,1,0.7944064065476804
326,96,4,1.8737727315332284,4.157728776780765,8.667616735102573,0,1.0
321,120,2,1.4809889060467025,2.1871467280794024,8.837202933390067,1,0.9933416688809049
322,106,3,1.2733637421290416,3.165478440629075,7.280228870522664,0,0.8198144178274784
290,95,5,2.0532631350128003,2.38091981467989,9.84833883082095,1,1.0
308,103,5,1.1844942573429353,2.656803702287321,8.499689348186301,0,1.0
291,104,1,3.2686831196775423,3.9296554592506743,7.223347551511911,0,0.6699047789035313
333,93,4,2.135313788094081,4.526649929330851,9.588141990439937,1,1.0
315,118,4,4.298139232348129,1.4859815643510617,7.032871904967818,1,0.9119765429076763
321,110,5,1.2969634919535458,3.538557025949522,9.63213455151384,1,1.0
295,110,3,1.9054059773659437,3.328575230311194,9.909284847621624,1,1.0
321,95,2,3.9209845883605836,1.4736601567037275,8.985347213368293,0,0.9430296416819277
293,95,3,3.3952331855339657,1.8475773217604363,9.203795329750848,0,0.9711879850085725
300,117,2,1.2579650849966701,2.244009978930721,7.8523848497785576,0,0.8015617929751961
306,102,5,4.508957828648802,1.6677242832700059,9.737719780529874,1,1.0
327,118,2,4.509047051304718,1.9749179300973672,8.452707574258106,0,0.9780432665435037
313,96,4,2.3216320155030954,2.07040319544683,9.08505195338437,1,1.0
294,111,1,2.361623373398259,2.3426953321562385,9.683216073643191,1,0.9705977234582113
323,102,1,4.956113433400695,3.997561811204636,9.842561525043585,0,1.0
295,101,5,3.504704686372553,3.287648815402403,9.399597592581625,1,1.0
311,99,4,3.1252660822722365,4.944986687805606,7.745414621783933,0,0.952518785623123
300,97,3,4.352608734207697,2.658943307869884,9.815628251642497,1,1.0
337,97,4,2.1411613534292657,4.0154602953477,8.759732937479944,0,1.0
305,99,1,2.7167303735854276,4.485873685506135,9.703604526218115,1,1.0
322,114,1,2.0711067019533367,3.7159139721521677,8.909447680540778,0,0.9414419664227336
298,106,4,4.156643386354926,2.647458961669984,7.758585560964888,0,0.9265433638458549
295,117,4,3.293397382540872,4.014378522983012,7.954476515325585,1,1.0
305,105,1,3.635300280560282,1.8146685510907394,8.517471944561175,1,0.8461108032048479
318,102,3,2.009228999357626,2.3102086607205297,9.264846305666833,0,1.0
292,103,5,1.8809012055092604,3.186741020397155,7.792105560181845,1,0.9623216838567212
309,117,5,2.953498515931755,3.3016375491445933,8.60876123833868,1,1.0
325,104,4,3.950262996371307,1.0885659018905178,7.878349979958372,1,0.9791118258690843
308,99,5,3.1009590300806407,4.780456755024035,9.345200542461534,0,1.0
315,109,1,1.1305827101826744,3.78650908486956,8.256191652556005,0,0.8202029761124257
292,116,1,4.4742060252811555,2.9828150009275642,7.039375219781002,1,0.7090201777939873
308,92,4,1.2587475740605263,4.732508937633233,7.318083867022393,1,0.8607626771674206
309,106,4,4.8232979348830085,2.756382261003314,6.990646562973253,0,0.8689088529519746
321,99,4,1.100567833109091,4.921742281081487,8.357825191564695,1,1.0
296,119,3,3.777801824522835,3.0491390289739404,7.131772367726469,0,0.8270928768120984
330,102,5,1.3288282548471266,1.4571430799919178,7.156116704246052,1,0.9207666889469426
322,103,4,4.642706317740558,4.059203889837109,9.736070571319736,1,1.0
329,103,2,2.857732944902171,3.715590900311362,9.522683825189294,1,1.0
328,95,2,1.5500950992680615,4.091946885222347,8.210510182051461,0,0.8706258404832443
307,107,1,2.3632627991593864,4.805768114902724,9.875712601052642,0,1.0
329,95,5,1.6592987013870482,4.105957210604073,6.800581967892469,0,0.8854198879495585
290,96,4,1.68232764622836,3.4453464088665875,8.715615903572989,0,0.9693620397191443
300,115,2,4.792433280685769,4.429235609443364,8.723255913400234,1,1.0
317,96,5,2.7809844491391527,3.692985757418126,8.227222334314051,1,1.0
314,99,1,4.155209055621438,2.6324762273036924,8.038477675554994,0,0.7908527618207049
339,101,3,3.5584222447107274,4.5424790569670925,8.220795382699496,1,1.0
312,108,5,3.705705449353569,1.8876018431374915,8.094676560568603,1,1.0
320,119,5,1.526773753888154,3.858565099634897,9.079136529744774,0,1.0
319,117,3,1.9367377872619427,4.526253819763028,7.222308957116646,1,0.89361119438616
331,100,5,4.147001340617748,3.925266078813185,7.416634368244326,1,1.0
324,113,1,4.883064825899131,3.7891016762154277,7.363216872584362,0,0.8031297904201717
296,110,1,2.050702570394607,4.010553176287344,7.618908225578346,1,0.7472596321925997
305,120,3,2.0862750590041594,2.8602209932025775,8.43880626659854,1,0.9946609098203352
315,105,4,2.8915885312436194,4.4966827286281035,7.146971291695242,1,0.9153455778900046
337,99,2,4.935361251421751,1.8137459005443648,9.508688201418693,0,1.0
338,100,4,2.0758357833058843,1.5095456640013571,7.727767977682434,0,0.932207806142809
291,113,5,2.6278876385370555,2.142035120474046,7.307118520902368,1,0.9263150217729357
290,102,2,4.565920062494027,3.1263095870999726,8.90793848594652,1,0.9511546022941859
337,114,3,1.011684130485448,3.0422471816373524,6.918829257869876,1,0.8441646591199872
301,92,3,1.1590638599542782,4.282395030706347,8.734301922407392,0,0.9274619679701632
294,105,2,3.416286708284877,2.6182746256160696,8.97837910371068,0,0.9295767484133131
326,96,1,4.629520658851388,2.9373777051660346,7.470539577926564,0,0.7504725008806328
321,112,2,1.9554266416077106,1.0534707330375825,6.930927909144139,1,0.7289071778246587
298,117,5,2.878567098722836,2.6389569457717563,7.934573519828683,1,1.0
330,105,1,2.801861206631273,3.5910969318013684,7.107613998354841,1,0.7437921069493045
324,95,3,2.8918853843820407,1.0620333225063687,7.163410890980812,1,0.7869340395504181
308,113,2,3.4900787829189808,2.123527860744975,7.593295042107977,1,0.8281366392123255
337,114,4,2.878975051962735,1.8318254371575597,7.721859924835488,0,0.9898278242433407
305,116,4,2.7898725652898313,1.167941715638353,8.453507463986831,1,1.0
292,92,5,2.897153681725042,2.91704035965815,8.9165826827694,1,1.0
309,113,4,3.363469765084166,1.726893172912626,8.649445335514976,1,1.0
313,114,2,3.1480299534054335,3.9723261585255205,7.262884252343293,0,0.8074441342306158
322,110,2,4.416543990602017,4.391711535053394,7.336908421252194,1,0.869752810495803
313,99,4,1.1979874139746665,3.182340730676591,9.541760059353892,0,1.0
300,106,2,4.33326828589205,4.926829370084566,8.542059223000035,0,0.9461354986257144
338,112,5,4.375698450446896,2.8019142858823813,9.51420603864079,0,1.0
297,106,1,2.1396320861238434,3.053472840899662,7.959225115318008,0,0.7432501655114367
325,100,5,2.8514078200634025,4.956871015831,8.71692802318573,0,1.0
327,112,5,2.754153954149742,1.9261937438601953,8.433829858090386,1,1.0
329,100,2,1.8740393374165212,4.770183758707621,7.795665288239843,1,0.8745575878854748
309,101,1,2.587187388345266,1.171350220476453,8.266135960744817,0,0.7642442672510019
324,111,2,1.1775510886834177,2.785547561052779,8.367771535700028,0,0.9013277102408352
337,116,3,2.1112882911269377,1.280014048532263,7.426405441240837,0,0.8787095044319799
314,112,2,4.266728701802872,3.916938971654572,7.7828323618154025,1,0.9027955051648222
324,117,2,2.13824920705159,3.433635743520071,9.269198421581763,1,1.0
314,100,2,4.27282667499299,3.8265370538703856,9.657259307096876,0,1.0
318,94,1,3.1263978584177234,2.497921599872068,7.922557571861335,1,0.7711939415558691
307,111,2,4.51945070944464,2.477927736125521,7.757753520492137,1,0.8623664053243045
335,116,1,3.2991182170576607,1.1812771158435784,7.409015153464273,0,0.769949420857976
307,117,4,1.1186728922589593,2.399779758118559,8.916892446189813,0,1.0
291,102,3,3.701680830188357,4.717153609048237,7.808071069198972,1,0.8943870329407102
324,97,1,1.1794142720942746,2.516906148721796,9.881778561989467,1,0.9964714603205151
305,93,4,2.802388075932536,4.32547082488788,7.816136582439534,1,0.9353076031307586
330,98,1,4.717706777892456,4.369302018999736,8.0297044659618,0,0.8573259786846905
325,109,1,1.6608157573514006,2.4929646255169353,8.682402692181547,0,0.8778417738131963
322,118,3,2.5594894117661764,3.527954721584756,9.30125499475687,0,1.0
293,93,5,3.9194412353939136,1.3814864090922345,8.264898235878377,1,0.9929841170262756
322,118,5,4.529034224379391,1.414714322937106,8.11868682542155,1,1.0
303,108,1,3.6837720189700316,1.1946306546468533,9.906390040815802,0,0.9880158783304132
310,102,2,2.032693016764677,3.324060373500438,6.832740160356627,1,0.7049609338605372
337,118,4,3.6984314116648647,2.704283910504388,9.592603701215886,0,1.0
309,103,2,2.18691056441636,3.1921294266569604,7.265319376931981,1,0.7580950945156681
297,118,2,3.873716919274941,3.0842927620335514,9.25208686177181,0,1.0
296,110,1,4.816132510340163,2.400811964362921,8.72794646672045,1,0.8972254995660665
292,113,1,3.885573804425153,3.7098936592938916,7.866563530754047,1,0.8022249967692843
306,115,1,4.451522011649649,4.034007523665563,9.526489861225578,0,1.0
322,116,1,1.0084153727035337,1.0585130355107029,6.840270551300695,0,0.6369618337230221
337,98,5,3.8702884989263775,1.8289691990755133,7.507274834473762,0,0.9918900725039568
301,111,1,4.318350227461002,3.8529434723333473,8.568705524298553,0,0.8878383055848693
340,97,5,1.1622349501787257,2.5464806905353368,7.896811851355057,0,1.0
311,112,5,4.486390909152922,3.6499357877664327,8.704377785393183,1,1.0
311,115,1,2.0267769132401834,2.3878506389382337,6.87522380343504,0,0.6550487478859979
335,92,3,3.661168407912221,2.5630206093185484,7.1633518631029425,0,0.8177522684573639
319,108,4,4.201419516093626,1.6347154947587397,7.19654026948153,0,0.89059770800618
327,120,2,3.650658052237422,2.03292407866464,7.390564975257949,0,0.8438380352040515
327,102,5,1.369139168293029,3.421647030030349,8.233114095297694,0,1.0
334,113,4,3.3852860754414733,2.7326524452606655,9.146641542575942,1,1.0
340,117,3,3.1983346268885744,4.097210731778381,9.625281174338172,0,1.0
297,119,2,4.601285072297086,4.410339819753371,9.406362294486847,0,1.0
316,109,2,2.6169589185768367,3.1665856728670394,7.4142901599401325,0,0.7944181183287853
316,112,5,2.2843243883482005,4.0330691682242366,8.176389722959573,1,1.0
323,108,1,3.999403057745865,2.22761805277828,7.422164185006629,1,0.77251965802196
310,98,3,2.6507013043335865,2.659884861600313,7.625152068001635,0,0.8266475116767387
319,108,5,3.584384700020252,3.851110704867324,8.371066582317084,0,1.0
322,111,3,3.585800360498428,2.5448479712681227,7.01250015713739,1,0.8491352401360199
317,100,1,4.552156257440471,3.3540197406359553,7.480703908331012,1,0.7715373047095802
336,108,1,3.3947696092763895,1.741491116330046,9.718379863278205,1,1.0
322,111,5,3.0086144398479475,3.399085259881992,8.254282833094486,0,1.0
294,113,1,1.555485305586068,4.446054828907574,8.189605961050962,0,0.8002234123069214
337,113,4,1.4629504267148215,4.474558559293703,6.84544952282399,1,0.9239286450743087
308,119,2,1.6172862611323175,3.8973776253181587,7.571887210822038,0,0.8237584651071703
293,120,5,1.687393925308378,3.983013516304504,9.502832400264406,1,1.0
324,99,3,3.5515083706545356,3.231709780602803,7.313640696167046,1,0.8644000837407657
338,108,4,3.963925001098314,3.338672360663299,8.09518981134833,1,1.0
306,98,5,3.119966091705675,1.534602325642072,6.844712426305044,0,0.8333731881598112
333,92,1,4.316070930181964,2.7754367536852045,8.292406702812134,1,0.8633283640330158
317,104,1,4.965052906934533,2.8031051355454553,6.865585852985797,1,0.7069639361735209
319,114,1,4.280050516477424,4.833991342670961,9.357181805565295,0,1.0
318,110,1,3.7795294947038367,2.7243474504931577,9.373543754559764,1,1.0
335,118,3,3.1299707977485864,3.1973705796110305,9.257755627503395,0,1.0
295,115,4,2.795412286698833,3.13300559711641,7.684095894940288,1,0.9450791991309946
324,110,2,1.3375695221781694,3.5470468681773086,9.412180120852073,0,1.0
330,120,3,2.5974749935787638,3.9929313253275835,8.49415417372844,1,1.0
326,108,3,4.640538547128537,1.9001675046834885,7.966281299665047,1,0.9685052202934812
313,104,2,4.232090519626212,3.114897676393743,8.751029474277207,1,0.9787902457259774
318,120,2,1.8642054600467488,4.303670829264122,6.838504063708367,1,0.7896101791032422
338,107,1,2.8664311387888635,2.852458855350046,7.2460379381143465,1,0.7708792513352942
335,99,3,4.266892810234179,2.113830185494292,9.11595583909122,0,1.0
320,110,5,1.26953821914209,3.6188363014251963,7.561784219194397,0,0.9892469349338295
324,109,2,2.5495703426746372,4.295069583196492,8.665788446065699,1,0.9987039219250189
322,92,2,4.4073649474957906,1.2525611717095653,8.001520120807852,1,0.8419937935759374
310,105,4,2.615591456680495,4.107161933628909,9.466994029853696,1,1.0
321,110,5,1.3104585789257635,4.286591731847085,9.771535754709529,0,1.0
312,106,5,3.170137474129006,2.846091710354427,9.556721952514994,0,1.0
322,109,2,4.446969979673181,4.933222627273869,7.644334383444021,1,0.9133364303517095
292,93,1,3.361142171812639,4.146833362829236,7.405788151423777,0,0.6659690200879522
307,113,4,1.9051164328569272,4.094650259582663,8.280236868096694,1,1.0
314,119,5,2.5369584805495253,3.991354297648287,6.822882550608882,1,0.9621902648218792
331,108,2,2.8004934447277288,1.602432412873096,6.880525305733127,1,0.7537122828224616
320,109,5,3.3170654152821073,1.8689235458120432,8.52626679562376,0,1.0
292,97,4,4.037404103010452,2.8559605258577,8.423802140995692,1,0.9890060515072312
329,110,4,1.3954944705625416,2.0560173998378635,9.903095805790011,1,1.0
335,95,3,4.558608132070265,2.660963889336162,7.429746526334926,1,0.8947436993920301
313,92,2,1.0492388120643024,4.553856439691683,7.605284258980661,0,0.7588374915454668
339,99,4,2.480209338697021,4.297307567517077,7.1542468040580145,0,0.9162471945539044
321,120,3,1.1096812398906306,3.520159513919929,9.662734190119684,0,1.0
336,114,3,2.571896901381165,4.432481577004414,9.226771082710366,1,1.0
311,98,5,3.103250395493295,4.135089556068997,9.365698027745363,0,1.0
312,94,5,3.046725546326047,2.715939727363562,9.616623018449268,1,1.0
291,101,3,1.6625133881130614,1.8042606081997805,8.437687958584615,0,0.8647951995793588
316,101,5,3.582962040382449,3.0568041600373568,8.207722757326257,1,1.0
331,110,4,1.1791138020186729,3.9449155301142005,7.830821397836724,0,0.987627952584647
291,105,1,4.047627280529662,2.745678394918372,8.638349596765309,1,0.8550405208139242
315,93,4,4.786577735974185,3.667087639135589,8.217348597984246,0,1.0
306,119,3,2.3590753086044716,1.3773097051641745,8.208884630209393,0,0.9252256255505897
329,92,3,3.0689575268573277,3.9920189454856136,9.723214934841153,0,1.0
322,114,4,2.5156411122352575,4.250854479572248,9.870178324550885,1,1.0
298,114,5,1.0268415612162398,3.8273514231221646,9.285031294708292,0,1.0
332,119,5,2.5434980115804637,4.869054350105462,9.161085241570415,0,1.0
337,109,3,4.1668810370453855,4.306608229842562,8.923341464750797,0,1.0
328,98,2,3.383955368733927,4.612374911506153,7.318153539280563,0,0.8107320841090147
318,120,5,1.4050396584606357,4.734284333830592,6.9844101611320415,1,0.9870926875463351
331,99,4,4.38855795877514,4.205391967495235,8.955066103153381,0,1.0
315,92,5,3.1243413795409714,3.6970353680259964,9.073813013440517,1,1.0
324,116,4,4.366893446978704,1.0228743254431572,6.946555732226196,1,0.9068458465513363
339,114,3,3.3208860751401175,2.8633030128924988,9.695521460714005,1,1.0
314,94,5,3.2387537793517596,3.284649194489444,7.084358795067394,1,0.9177821521840359
313,115,4,1.4210367407880495,2.2161210897919985,7.692009665366151,0,0.9244518062230109
302,114,3,1.6694389325545118,2.2724177876138882,8.897856215931958,1,1.0
296,118,2,4.888101025986364,4.844637662840661,7.330002494541966,1,0.8561687560291089
325,120,4,1.913946987019083,4.566843460810984,6.972897571939803,1,0.9450071992588684
334,99,2,4.909808471961472,4.396716022006817,7.833177046192147,1,0.9282823534685569
309,113,2,3.1276508260970535,2.6240472068244425,9.189831313548158,0,1.0
290,116,1,1.5431561882557485,1.0547942016356582,8.090677478434012,0,0.7315032978519795
297,106,5,1.3972088110147718,1.3208889858228563,8.83727551635277,1,1.0
335,96,4,1.83545628282296,2.2487854728704146,8.608411583351787,1,1.0
305,94,2,4.702549320101343,1.062971651982708,6.869321663919811,1,0.6796299068757048
303,110,1,2.656600897312907,1.0685991276607925,9.884244759582604,0,0.9727811706771523
301,92,3,2.5817370719716575,4.6664132065696435,6.92925563711649,0,0.7401474941172093
340,119,4,2.252825044280696,3.8246340084762163,9.819544541463273,0,1.0
312,106,2,1.5882474022663535,2.2358239602726107,8.515576236496923,0,0.8772901141405267
304,99,5,2.9514047887696258,1.5305783104038126,9.805056164443007,0,1.0
317,93,1,1.5201911300445548,3.0465428715803085,7.158031230171167,1,0.6580780345181183
323,94,2,4.34192094552931,1.0213846434174578,8.3300745798588,0,0.8644432236496216
291,115,5,2.481587945101226,4.7536549754325765,7.328852766622103,0,0.9569798736986259
321,105,2,2.4992142711271854,2.659260477555789,6.95904161631002,1,0.7472798504136859
312,115,4,2.8960257139326235,2.609339820949331,8.726690838994411,0,1.0
311,105,4,2.7765108526630065,2.5623744303271287,7.4482842734004775,0,0.8887786517662266
340,102,4,4.979431892237287,1.277313321551059,8.633614697057144,0,1.0
314,107,1,3.18152448487321,3.5532889591673062,7.150577183680835,1,0.7283795661055161
311,95,4,1.3528068151594828,3.9320144785134135,7.835797790870032,0,0.9057848900816836
311,111,5,3.42750936630772,3.704501590353161,9.238693581126132,1,1.0
338,96,2,1.6063371714795198,1.5537419733175772,8.163600748147626,1,0.8657470980677866
331,113,3,1.123750578925368,3.3153606721423703,8.758565694479689,0,1.0
295,112,5,4.882968614708993,3.2779379366890153,8.820068775126103,0,1.0
304,105,5,4.094155566138255,4.473643151765528,9.432515737240356,0,1.0
332,114,4,4.920435969655068,2.516510633502588,7.81375911854872,0,1.0
326,107,1,2.9115137920889698,2.485943774637737,8.944362155257455,1,0.9451687234731598
322,109,2,3.1290301245959045,3.4741082348727423,9.800241317984037,0,1.0
297,98,1,1.673347823676521,3.532290613998052,9.078359203196548,1,0.8742256100003769
333,101,2,1.9876297066703423,2.8771409093031615,8.328395887359363,1,0.9191209772480029
333,98,2,4.354196859611313,2.7722374493216844,8.76783842681482,1,0.9989357976100282
294,92,1,2.4247425884703766,2.9765906825515307,9.107810641020897,1,0.8563351999414097
328,114,5,4.307259895185676,4.444181198013247,8.710300388964882,1,1.0
293,112,2,3.836054897148127,2.84466760501564,6.852028538088298,0,0.7039796522102315
295,110,1,1.708683701087462,4.75972716787929,7.4076933127841444,1,0.7271774986054447
334,107,2,3.0297854644789686,3.016015054385304,9.328660837712254,1,1.0
321,120,3,3.7095492860748673,4.796802772723566,7.650670019614952,0,0.9709788380672926
319,110,5,1.9401488592153004,4.331327607476303,9.082473813030738,0,1.0
336,95,4,4.322754042080307,2.4497252904633164,7.961015071554099,1,1.0
324,120,2,3.179310630180747,4.454565685186465,8.428279103852782,1,1.0
329,119,3,1.6609682017704128,1.4402531368044609,7.012076695436539,0,0.8175089980063874
305,109,4,3.3319377046584098,4.700188701372058,7.3654237504750935,1,0.9440650612548707
302,93,4,4.998855216623657,3.5265740603315665,9.786454526180012,0,1.0
339,92,2,1.6020859666536542,1.2175629940892447,9.577230726754372,0,0.9995996335765001
331,106,1,4.267027720478112,3.577026894603246,8.835098346005037,1,0.9792937022565091
319,96,2,1.8292360127502318,4.896990616579025,8.2340911438435,0,0.8766075539470672
308,111,3,4.129553317840349,1.2792026184585157,8.908375233833098,1,1.0
306,102,4,3.938311692485653,3.218750839120345,8.73006410197309,1,1.0
308,101,2,2.2019575424017295,3.9911773990374897,8.57388303748639,1,0.9209473009604316
317,93,1,2.3032924702577993,4.241034346798125,6.9846324642142505,0,0.6501061591254031
315,94,2,4.170085567851677,2.6553098612831834,8.774344145263901,1,0.946782934159109
326,114,5,2.8457820475492506,1.816666236672972,9.199030539062045,0,1.0
315,114,1,3.923272114847235,1.1693691150895353,9.901534762494196,1,1.0
312,103,3,1.591936589463339,3.318904628388899,6.834565084094246,1,0.7650401742053341
298,111,4,4.410231127606214,2.811644281070443,9.07814117432931,0,1.0
301,96,2,3.8435388667292765,4.794977580598844,8.583982665720258,1,0.9330891606242799
290,96,1,4.627771235339336,1.2424196308596391,8.154242789372585,1,0.7516746082147532
290,97,5,1.5294895161398898,3.741581373784023,7.198018944662677,0,0.8528409889720878
336,100,1,3.3720580014423907,1.0998648884802287,8.076345663740813,0,0.8038121107761396
323,93,5,3.3964823401613007,1.685736706842171,7.905656810916742,0,0.9866800587689069
321,112,3,2.41384296218713,2.8143159996913365,7.744829253613675,1,0.9238443698233878
337,103,4,2.833865698277031,2.819489771211473,9.080344424765288,0,1.0
314,94,3,1.1519262531594139,3.7428021717345756,8.986263626406902,0,0.9804100921388668
329,111,2,3.983440154508048,4.6408521394710265,8.637742683860445,1,1.0
334,117,1,3.197289917612696,3.5561286356596833,9.72863421747532,0,1.0
290,113,5,1.230964207476695,4.814140391406035,7.891545678644266,1,1.0
305,103,5,3.723023571841942,4.526462559511991,7.56066204565576,1,1.0
328,115,1,2.8671283089247517,3.337999182123161,8.846418336867007,0,0.9551902394629308
294,108,1,1.1378450377,4.33516780367531,7.420299870124697,1,0.7043393576806438
311,101,2,4.8784309073923815,3.570310441294536,7.782832782412284,0,0.8476901059097592
318,115,3,4.796448572357762,1.3142313236949086,7.50075961303364,0,0.8901762632245744
292,118,5,3.0516096645887902,3.96225889303804,7.015759131281723,0,0.9260752515688737
301,105,2,1.3746896828236408,1.3796337650693848,9.3817960739033,0,0.9382643377997537
315,114,3,4.018484886394367,3.3763311222788497,7.594166493915583,1,0.9349933665309198
305,108,2,2.967724400422916,3.8105608234329154,8.275845810430225,1,0.9093646216567528
340,109,5,2.2097899131575196,1.266110432843421,6.935143652553453,0,0.9260977542752733
326,110,1,2.965672710114227,1.923178615706127,8.981939134708247,0,0.9299774959938216
311,108,1,3.089776581621858,4.662688929046599,7.8313503271956275,1,0.8244641763632172
318,105,3,3.250846796089357,3.4652579689315854,9.123578590827135,0,1.0
303,100,4,2.764894854621306,1.9851440752421263,8.086697548659743,1,0.944389472792226
317,99,3,3.4230212125562267,3.7627190845920264,7.410757491985549,0,0.8490254628772296
294,93,4,4.67493884242551,3.3871056798467585,8.401106256719952,1,0.9975125688425974
336,104,2,2.4490723483943646,3.0063027996717935,7.207174226068812,1,0.8091532122969878
338,116,2,3.9028658528797964,4.904747899952335,8.174482178803743,1,1.0
319,98,5,4.577810227296929,3.7338151096300356,7.789993089551918,0,1.0
335,100,4,2.8239171030397476,2.5017644386716507,9.645313902702856,0,1.0
294,113,5,2.7738233455276164,4.2002937283074715,6.990097611768646,0,0.9115978803219065
301,113,1,3.408467941419118,4.5383331716847515,8.965334332009915,0,0.9385272708225365
305,102,4,3.3656270376899524,1.5008822380673257,7.3701836378808,0,0.8497870671958796
315,105,3,4.2263573693051075,1.802211911381066,7.795420631916588,1,0.9087097962323503
315,95,1,2.9059335351131708,1.8649080365111188,8.096403876753646,1,0.7747668383929374
337,117,1,4.984491798557764,3.7648472375461615,9.63300707884992,1,1.0
310,117,3,1.237886275469123,3.4121582202131333,7.5568441901503345,1,0.8856341729691692
328,120,1,1.012671394322807,3.4759662587943527,7.084883463939371,1,0.7514801843813932
325,104,4,3.5607932462384952,4.763093198758003,7.7943115644504335,1,1.0
322,93,5,2.1937396494475068,4.103646131229224,7.126589028070864,1,0.9330525019905607
319,114,1,1.9615295547979352,1.5117476980471327,7.201221036196924,0,0.6912307080871991
326,96,4,2.247596320017122,2.390028329700724,8.590413865682084,1,1.0
312,102,2,2.024190260419817,2.7415745847029425,6.990014031270419,0,0.697795495859117
299,97,4,1.1231601986417914,2.5838463549904196,6.896504349947926,1,0.768476473206857
294,109,5,4.886132169562355,3.6772344366475167,9.028971996587952,1,1.0
325,112,4,1.882981953811127,4.56757241302625,7.928338935904058,0,1.0
323,101,3,3.936119050357225,2.224205854091152,7.191171089609685,1,0.8427299350784274
320,95,5,4.050385578776702,3.2075085456847425,7.591271845082289,0,0.9852864359469424
299,100,2,4.717029592028917,4.157637687654343,8.803309902939485,1,0.9705495025153246
308,97,3,1.12219782837352,2.6648722353813974,7.659674089479456,0,0.7994188839929945
321,93,4,4.488193353788031,1.6724725135971834,8.342905910375674,1,1.0
290,108,5,3.108904723359201,2.899803861054993,7.179689356987217,0,0.8946018640501481
294,96,2,3.5301764398633115,1.2208900829721139,8.634852149328994,0,0.839420212367818
334,116,3,3.5778811084841347,4.769533816009107,7.786162373590984,1,1.0
293,97,2,4.279191219938911,1.2992848207798922,8.756141515729595,1,0.8882918833598321
305,117,4,2.333629288636442,2.7538268610023127,9.322192032788552,0,1.0
313,103,2,3.9322047594399736,3.1195250443541047,8.708336828496776,1,0.9659476213246725
305,114,1,3.1143124388887884,4.941215329149141,7.722732395296465,0,0.8025575470533322
291,112,3,4.173576057221391,1.664087294571443,7.597920348830697,1,0.8548171427829403
338,101,2,4.962184131080534,1.4577260744494343,7.821553391248358,0,0.8717626963127318
317,113,4,1.802604069615045,1.0348245882501743,7.313616001297895,1,0.8870676032698412
321,112,4,4.978594566239991,1.6222857474772092,7.365256174652062,0,0.9390671117251999
316,118,2,1.359248617131096,1.8290919162706705,9.266956237928524,1,1.0
309,116,4,1.0092701916192555,3.522323766332369,8.000365638703228,0,0.9720717037379454
313,97,5,1.176647744711325,1.8788271615656016,8.160304963380227,0,0.9770030212676235
301,118,5,2.3671296189470468,1.0820832589173008,8.65343433256845,1,1.0
339,99,5,3.5316253227137366,4.306473382009955,8.63971890487283,1,1.0
324,93,1,1.2761181635513985,2.462382804015867,7.010215839148408,0,0.620504298982901
322,103,2,1.022663258118269,2.4147867463229358,9.394407253373517,0,0.9877428572222042
322,104,1,4.748364113835179,2.2099161166717063,7.353258846058691,0,0.7419334613318247
340,116,4,4.287706543759718,4.901493108585683,9.055983504474966,0,1.0
332,112,1,4.236732684556124,1.680461669237126,9.21073348295988,1,1.0
326,98,4,4.537697102007908,4.592952255812941,9.030486546364898,0,1.0
301,101,4,3.8001370910884176,4.107213328559552,8.606410257248934,0,1.0
292,104,3,1.4176165189923258,1.3059198219972523,6.8455800709797145,0,0.6723521097953962
290,108,5,2.596400752294892,4.946916406003394,7.924371536173092,1,1.0
322,117,4,3.892597945858518,2.085463854156042,8.687099019611253,0,1.0
329,112,3,2.1213378431660836,1.3943317080896493,8.00884804327832,1,0.9427068097215798
299,119,5,3.7496254565449503,4.317256936503037,9.494057272127977,1,1.0
332,117,4,1.0979937930706094,3.8267021347107995,7.763463099090799,1,1.0
333,105,4,2.224549363518373,3.468875223511603,7.71582855247102,1,0.9914630949125138
318,93,1,3.1965213451086907,1.6239234547957326,7.629912802449093,1,0.7193405765471579
302,119,1,3.528359318024969,2.9139844650238476,7.838276311157681,1,0.8175846423327267
301,113,5,3.3081626578476433,4.122224107548855,8.539103488660263,1,1.0
320,102,4,3.791025104293718,2.214495752575361,9.005887718130483,0,1.0
335,92,2,1.0243549929593563,2.246759314060166,8.867211903345009,0,0.9146500166277733
291,110,1,1.403764799910086,1.0125636241924885,9.320079598342216,1,0.8800833702108997
340,112,5,4.47577700911658,1.6969736065815182,9.564051665951965,0,1.0
339,95,4,3.726994576360645,4.501622500487337,9.346166612111256,0,1.0
324,110,4,1.4517265707440452,2.7669859665508283,6.859109658527986,1,0.8613595455866272
312,117,2,4.368297749594317,4.936937996937736,9.096064015082206,0,1.0
306,120,5,1.9689248712982677,2.5828318542951703,7.450206669689194,1,0.9914357398264935
315,112,4,2.913039536780894,3.860745819120965,7.214735493248906,0,0.9140095707034193
297,102,1,1.5807860515386412,2.1276761716189165,8.792085008573302,1,0.8265132727709359
318,99,2,3.8404402256868266,2.455238564563734,7.797598769672008,1,0.8418979515692135
315,102,5,3.6674176840570714,1.7629039503635786,6.978205549715783,0,0.8920327160669879
299,95,2,1.8444498846645447,2.38824947399758,7.229404771322887,0,0.6706400117713383
315,108,1,4.453603067428007,3.1889500816825724,6.802899780634278,1,0.7058177741435654
323,118,5,2.6052240968788487,4.967091523916998,9.618057717315487,1,1.0
340,98,2,2.1700603642829672,3.6568068522871426,6.8768081095846645,1,0.7661036554675684
330,99,3,1.6093183578581418,1.7969838176332562,7.453502000869674,0,0.8177180587298567
296,94,1,2.06467205006215,1.1798457663662045,8.09873987574627,0,0.6889409159187723
293,113,1,1.088107684895268,1.5054259252580424,7.912502536966556,0,0.7075022681236978
339,93,1,3.3330299698244623,3.2502208050921895,9.644584735967861,0,1.0
334,114,3,4.368922985375791,4.060641315267065,6.925701510691772,1,0.9100178514085653
300,106,3,3.1959217977665673,4.761676829202988,8.398109887952401,1,0.987856441415004
318,115,4,1.8770958476955029,1.0632926879872833,8.923095923076048,1,1.0
325,113,2,1.1346767128554909,3.091040566247479,9.706897677885246,1,1.0
314,113,4,1.8585122930352114,2.883469424892707,8.73555830662601,0,1.0
310,96,2,2.6644857122843693,3.624220087902816,9.3077163363567,1,0.9991694732537013
325,115,3,4.038445714799186,3.238315417861368,7.061221806077487,1,0.8920131102697288
299,92,3,1.7513714101510964,3.748156602329922,8.004131274123214,0,0.8362363576968117
326,117,4,3.8791658134187443,3.6323303389967614,7.966715059574691,0,1.0
298,95,5,4.467733873407535,1.4680468994317848,9.56521923534184,1,1.0
313,106,4,2.8157873924334282,4.198871654474878,7.272278054341418,0,0.903106782925978
324,111,2,4.285727966570374,1.4929303028652994,7.273884857690287,1,0.8178176455366701
338,110,4,3.2186293921403824,3.7941225008365485,7.825101427643691,0,1.0
324,94,1,3.54836334832362,2.664581470562427,6.969934067784533,0,0.658463786706883
337,111,2,3.1051138413528108,3.0554029383063916,7.369269086835769,1,0.8629359618331462
325,102,2,2.852690867005367,4.613192057502842,9.811454072262693,0,1.0
307,108,5,1.9386137671033974,4.559534905893946,8.135933892385578,1,1.0
338,118,3,2.212776237844184,4.271425222620119,8.771899930278002,0,1.0
328,104,2,2.159880475774436,3.040593521825293,9.065467129155268,0,0.9921042329820531
321,102,3,3.253155723815259,3.9449592405353324,7.944919589862465,0,0.9305051494536403
313,93,4,1.4798147720955597,3.0515882220752375,7.259348472160813,0,0.8216758527881054
312,100,1,4.667166762809341,4.478424329899109,7.444532770611956,0,0.758151814286669
321,117,5,3.882620581132453,2.6111033329315996,7.777391406931504,1,1.0
326,93,3,2.6057825236527745,4.880941377659507,8.784533471498944,0,1.0
301,112,2,1.6344965781055119,4.72929103291551,8.042635313157849,1,0.8796661303881934
338,100,3,4.527968678886543,3.966410477807142,6.821261857448399,0,0.8444278998787138
302,100,2,4.29511236040466,2.117663536704288,8.433030417410512,1,0.8906857279797089
312,99,3,3.886886210868717,1.5266143551730336,9.675121782751145,0,1.0
314,108,2,2.0861881896449694,4.41881380037279,9.333682146347078,1,1.0
324,92,4,2.6097865497346757,1.661209144551845,9.374659478330049,1,1.0
330,116,2,1.4109930098096934,4.417043155989343,9.28058101493113,0,1.0
319,120,2,1.7561580989101269,2.963060026849442,7.810040175904522,0,0.8636753711475449
306,102,1,4.1320665492669315,2.626227135232417,9.187404761313703,0,0.9212474974448663
338,99,2,3.8601548754027353,4.612763115337716,7.246663436370922,1,0.8527790633316954
309,101,1,3.3739430519037388,3.4154039301611117,8.852074379500975,1,0.9052938811833156
337,116,5,4.582906903704691,3.306456028518871,8.801693928057183,0,1.0
314,98,1,3.3330660712521816,3.2350637784975906,6.879777773159972,0,0.6458984741536904
311,94,4,2.867871999854443,2.4846780640781256,9.258466816803706,1,1.0
302,94,1,2.361482985223051,4.1425724141165094,9.618134087896808,1,0.9583835493511663
308,109,5,4.76179402294469,2.011193776063092,7.634335668832976,0,0.9994992788201444
338,96,4,1.330861846097414,4.7555798401651,9.33465905946079,1,1.0
325,103,3,4.723549488243234,4.575940820187843,7.057106632209278,0,0.8692205816201981
301,103,3,4.306858639724073,2.3499213026995927,8.671899717774526,0,0.9704863665144212
330,110,1,1.5197196981428052,3.917855079326655,8.315218219842944,0,0.8687452378999914
308,97,1,3.2599374307010143,3.292892777798366,8.50328142392408,1,0.845531946984678
301,93,5,4.4661919269963475,2.3505972079969384,9.689760229879157,1,1.0
298,103,5,3.287236654428615,4.9540865919817865,9.518503571410182,1,1.0
296,110,2,4.628799286242489,1.1009493833930568,9.249461010588043,1,0.9947122493681269
317,96,5,4.77193526726417,2.0105841224851466,7.653939187956517,0,0.9810035969132564
303,103,2,2.6895380887372236,3.0802962444446016,9.644874121500607,1,1.0
320,118,4,2.5092546456252944,3.0878120139142555,7.1042240004872905,0,0.9091477586250218
308,118,1,4.745284615876628,3.3557322997822565,9.462387155663418,0,1.0
336,108,4,3.7005602445986723,4.006704688091677,7.823859425743256,0,1.0
305,120,5,1.4640907253926772,3.4939113220771856,6.967769612385388,1,0.9389542975678413
294,108,4,1.1691669968907248,3.401125842112148,8.888393790831135,0,1.0
324,101,4,3.2585162039890525,1.2140578516521732,7.5215933763457805,0,0.8963664479034055
301,116,4,4.720683861753699,2.5061211511571932,7.559941912697651,1,0.9653280308814498
314,114,5,4.376994809623273,1.928222958804624,7.7548671586337665,0,1.0
310,108,4,3.7033909858573457,2.0614804464079017,6.998696474607852,1,0.8681430003155937
325,106,2,1.55646339556435,3.2173498973613794,7.352636689898553,1,0.7999147653719998
312,103,5,2.0169255349947823,1.7980212597184337,6.816035638066948,1,0.8637614465431636
305,107,4,4.502044906210465,2.17579640406759,8.189677705850055,0,0.992782582070523
328,115,5,1.7312289466276019,1.9483388340693604,7.06287677754407,1,0.9593666366305094
334,110,3,2.1137576330017382,4.7940117728727785,8.9298761277379,1,1.0
331,99,2,1.5184026047817678,4.778662928684381,7.535143295717943,1,0.838748906950296
328,112,4,3.7044329256576445,3.439766234384207,9.743951329389752,1,1.0
303,108,3,4.775929221452838,4.6980898749276,9.518305077483795,0,1.0
320,114,3,2.075872126381544,4.143250581873493,7.703055592300809,1,0.9400158849900513
294,96,5,2.901626431400295,3.359791531207235,9.243632218528838,0,1.0
324,113,3,3.537358958844817,1.0257408459871828,9.306124102554195,1,1.0
312,107,2,4.997864992862523,4.090065144317617,9.87807691603696,0,1.0
318,97,2,1.4192322599902885,3.8099533663538754,8.665260758958537,1,0.9243082144628851
332,99,1,2.9942831980228366,3.461014613129656,7.055733092088226,0,0.7044337506421567
300,116,2,2.5404804796100002,4.041697246729887,8.818132154250309,1,0.9855323993782052
307,109,3,4.463280660889421,3.051688659099063,8.74993681493323,0,1.0
336,116,2,2.9038709240466236,3.8163330852853563,8.791653801551748,0,1.0
301,103,5,1.4439100983405924,4.740688346905973,7.7582944220851395,0,0.9756895941210679
298,106,1,3.5376965811463346,2.503220063384345,9.48220030545064,1,0.9610219230299517
299,118,3,4.08312247305552,3.8324873396025017,9.793553210820885,0,1.0
333,117,1,1.0115250066624584,2.902751272043835,7.4792630404918325,0,0.7700427365903644
306,100,3,4.435826741682519,3.697598607255926,7.075034733386331,0,0.8048365721966309
327,104,5,1.7440920000226625,4.0515733422174565,7.40694930348567,0,0.9816161352363397
296,117,1,3.2082774586135114,1.1818100017431838,9.360122674477843,1,0.9476379303047917
335,106,4,2.6631900027498006,3.5864017757946476,8.911131260637925,0,1.0
302,101,3,3.8786152664421216,1.9069647376277783,8.784467708098076,0,0.9656123697745151
329,107,4,2.4846464591429673,3.680130151230267,8.053594581541404,0,1.0
331,98,1,4.4790527067268435,2.873320743735254,8.60282327111568,1,0.9188500884850104
298,108,4,3.921985443835161,4.094210967459549,7.7605672708560265,0,0.9536214260508982
339,114,4,3.590852684251686,1.4936032608223857,8.288864247784039,0,1.0
316,117,1,4.184962382251417,3.5052894066247804,9.274356648516447,0,1.0
291,112,5,4.016092139713529,2.1138829157102093,9.861473784061042,0,1.0
294,113,4,1.1437546996862133,4.411927981322366,9.709365441600182,1,1.0
318,117,4,2.5789374153793125,4.71353402254523,9.713661741680296,0,1.0
326,98,5,4.723229189265959,4.985593174716222,8.05493805272299,0,1.0
327,105,4,1.5028970759689049,4.184029609709134,8.262624427181187,1,1.0
308,106,4,3.948386201728205,4.014936281712018,9.001582436671223,1,1.0
297,112,4,4.898367245341319,1.8620030354702042,9.677238815520006,1,1.0
337,98,2,1.2087945161798865,2.344028235960435,7.2430220891785035,0,0.746351842971626
334,100,5,3.728775522506442,2.862730167049118,7.749234615140851,1,1.0
290,110,4,2.8726165652041216,4.093524191128999,7.234450155133621,0,0.8636857949084935
311,107,5,3.3167010214988886,4.6598634603118745,8.7094666134735,1,1.0
306,99,3,1.3413653459372994,1.7565564000919385,7.755659110289117,0,0.8010023975712537
296,109,3,1.172027807467758,4.6894699386804115,7.8174564998392295,1,0.8855682138577583
314,118,4,3.667466642203687,3.782498609416232,7.021257793602495,0,0.9175328778676342
334,114,5,4.293237719282871,3.4430829227401545,7.891363712839687,1,1.0
293,120,5,4.128061339731869,1.799365085127758,9.490989103092947,0,1.0
325,109,5,3.1752229114649495,1.2221001312366022,7.527187173099405,0,0.9818417295863902
295,111,2,1.3994672845447127,3.2738595940317596,8.968984894575405,0,0.9273252770003038
320,98,3,3.7521777753440553,3.6060627333155697,8.764440436208409,0,1.0
308,94,5,1.9675555342165838,1.843125797418753,9.49407197811164,0,1.0
333,109,5,4.644274811069534,3.2258248233018256,7.212738396671239,0,1.0
328,118,2,4.35306143818282,4.425973611050294,9.850080676276534,0,1.0
316,101,2,3.8375318683495636,4.34026378182008,8.617801375645941,0,0.9543211592620477
299,98,5,4.795383823324522,4.709420722345189,9.90587935532206,1,1.0
315,108,1,1.1256872860450917,2.4635432382275217,9.643925944701454,0,0.9611623449907638
308,105,5,3.944801700243048,2.272198290203675,7.49113388899289,0,0.9616802648164979
328,115,5,2.3209711173456213,3.9977040239232347,6.975225470898336,1,0.9931235627920256
292,94,2,4.624263542745461,2.72444962038802,7.597593972641528,0,0.7480151369475072
334,103,2,2.0667007866479103,1.3501946561111224,8.44599858487819,1,0.9165403519256383
302,119,5,3.899425997260068,2.131204522681999,7.335380665243393,0,0.9698669726709617
339,104,5,4.510588078603126,2.6743291421259565,7.322474402896124,1,1.0
317,93,5,1.1666272735307297,2.170065701905008,8.243291866968077,1,1.0
309,94,2,2.5905903183681445,2.3288222837892865,6.903796070048398,0,0.6594949523241158
317,96,5,4.049236128087754,2.175103624697563,7.180290817500683,1,0.9353994377693446
297,102,5,2.8196755580303483,1.1659966687323178,8.097487378952795,0,0.9666352377712704
330,99,4,2.0690105191743813,3.54837880329777,6.996965316728855,0,0.8600624459703146
328,117,1,1.87922139529276,3.389169681413877,8.037875776141252,0,0.8492285200456706
290,114,3,1.5260730676655117,3.6135339939147224,8.27889954975915,0,0.9113151929502963
292,114,1,4.428518239425129,1.7692395841345099,8.207951835908117,1,0.8218875850700629
302,103,4,3.301421613006224,2.182618166449941,9.511825555097632,0,1.0
317,98,3,1.305539779965824,3.478463707779689,8.453794859761405,1,0.9524779026830763
338,106,5,2.5303212942825417,3.3985102738396855,8.260099042931495,1,1.0
314,115,4,2.4709346032204396,3.0253212374170713,8.081412845621998,0,1.0
322,108,5,1.726956762837852,2.4016530000407896,9.350984940309997,0,1.0
327,95,2,2.7420305018887627,4.65172401909876,9.59257660447948,0,1.0
295,120,4,2.328397461572546,2.359080969195375,9.462116503895007,0,1.0
333,113,2,2.36721482196873,2.8224766257490064,8.901465323769939,1,1.0
334,116,4,3.9561062311518347,3.712455323816835,7.2285686474222635,0,0.979837677893987
321,104,4,1.8930535420207852,3.1720857234670565,7.663834304815078,1,0.9478744305490818
334,109,2,3.5674398354214216,2.3875439054575422,6.94371675868777,0,0.7759132948020535
336,92,3,3.2825984955237395,2.7425791618260393,9.704171113969156,0,1.0
310,107,1,3.272370049351469,4.177923271414024,8.86169141263564,0,0.9177855859199386
305,104,5,3.6520293845671037,2.1125166219464497,9.128652199057314,0,1.0
310,101,4,3.193528144782616,1.5690209591072617,7.772103827496554,1,0.9234222659209319
300,103,5,4.517020459385538,2.2526528073191083,9.438438989505308,1,1.0
326,93,2,3.7023203678010392,4.398136861951605,7.609962245170453,0,0.8282009219584485
325,114,5,3.1878530054855525,1.3559588594253866,6.805128522190842,1,0.9326723713609013
324,94,2,4.31905248115058,4.966784293489807,7.974414683064565,1,0.9104699346554841
308,101,5,3.424586259733919,3.16401159571065,8.58077582059231,0,1.0
309,93,1,2.164576991140716,4.9393829758683765,8.29355915685243,0,0.8008298412703057
307,118,1,1.8283796727062849,4.755985688343911,9.489677564838983,1,1.0
336,114,1,1.6093111426507152,2.811254856843667,7.128864492183241,1,0.7530040499107429
330,104,1,4.597820850184407,1.7939642984213964,8.527929134777224,1,0.909414022849381
338,104,1,3.8405417271922633,1.6595391062605538,8.400495571441231,1,0.8957203010144537
303,109,1,4.749513752657283,1.95995745547983,7.677946104377148,0,0.7536650293109317
304,94,2,3.413167222859772,3.840530562258149,9.365351711240272,0,0.9837419004729777
320,118,4,2.89360352597965,2.0917999789259514,9.148887806352484,1,1.0
290,98,5,1.2388659558835573,2.3657010784171932,9.086520664475312,0,1.0
292,105,1,3.686569126184119,2.795115215978459,9.533720532201015,1,0.9595485285547012
305,111,2,3.3288350390729247,4.652930721685825,9.055087953939147,1,1.0
312,120,2,4.960835574350486,1.7575736715393844,7.523344830149947,0,0.8460535012237709
300,108,2,1.9566351111289721,1.0201062104392125,9.001355660347036,1,0.9228106465971746
301,120,4,3.1229494211473434,1.2403856415126806,7.7600327777763125,1,0.9542576799772302
299,112,5,3.6038293404722905,4.619065366720472,7.555584909084108,0,1.0
321,103,4,3.5783646989693745,3.5900658593734525,7.027771209846837,0,0.8826174999744789
305,116,3,3.245174171793611,2.092162477311227,9.121369170684751,1,1.0
297,107,2,4.107712041308902,1.7087700040447644,9.018323001283411,1,0.9619712428837128
327,115,3,1.8199248381072657,2.1770669465484573,7.531638370343172,0,0.8789255399422204
301,103,1,3.9025088010976634,1.4591877090051204,9.138062532179367,1,0.9048138357321736
313,106,1,3.4789382857323567,4.766131641137765,9.663663555251885,1,1.0
317,116,4,4.584300447178293,4.136824697461067,7.1370503473737275,0,0.9521208686965381
297,101,5,4.388777756134327,2.849564707650163,7.525826311766737,0,0.9487622015402106
317,116,3,2.260588156530213,4.459850420460808,9.140813677552424,0,1.0
325,98,5,2.1049492999006123,1.9978328171729292,7.656460821342084,0,0.9604176452513995
315,111,4,4.926613295409791,3.868482273888774,8.748951599765196,0,1.0
297,96,1,3.109060723661026,4.424529996054973,7.053232380326789,0,0.6433498671507254
339,92,5,4.625683855657748,2.4270748464930905,8.21087173480304,1,1.0
317,108,5,1.6555240951219288,4.029857781802871,9.105965236618013,1,1.0
317,94,1,3.571275659200697,2.1802893970572375,8.941923502294948,0,0.8732361505725779
326,104,3,4.239440749442345,2.195428541036123,9.343024954108518,0,1.0
330,105,1,4.789580998345787,1.4282287142167442,9.537650635001887,1,1.0
325,115,5,2.349360564068094,2.760232186037595,9.212332523927326,1,1.0
316,109,3,3.89992467969621,3.918847625989689,8.895353757969449,1,1.0
306,95,3,3.155252036158476,4.760883222285139,6.898974174466017,0,0.7662959482933052
298,109,1,1.2425157042658728,3.4151879677163843,8.469096021037466,0,0.8072299692439282
322,96,5,3.7599989492357735,4.452542150942956,6.91761690173434,1,0.9479672279619233
309,116,4,3.7603862329513738,4.289978597160909,9.32117158940199,0,1.0
302,107,5,4.722427219386148,1.6933722119011234,7.800660516315068,0,0.9954254250703056
317,92,2,2.9892497846758896,2.943269715650526,8.554779647247914,0,0.8844371393906232
337,112,4,1.9210036828420587,1.467694142101566,7.671869358834976,1,0.9763111824013966
318,105,3,1.1782552937947166,3.72861264624654,9.241400450466516,1,1.0
302,106,4,2.6625687467436228,4.799598672984304,9.565887883122736,0,1.0
335,100,3,2.2076668003100073,1.548357832315026,8.04376458194476,0,0.9068965017876867
324,106,3,4.044353224095502,3.9355325232101652,9.492317867754286,0,1.0
295,108,4,2.4170710593641864,3.528952603471444,7.633274023263757,0,0.8986582140004922
307,116,3,4.796284785259376,3.334420148032399,8.468142079995634,0,1.0
340,115,3,4.849240811951137,2.560480938753357,9.479335661096757,1,1.0
294,95,2,3.4836343608708322,2.4205265910152503,7.816749788961266,0,0.7578970764965445
336,103,5,4.714641148059531,1.1809967560755514,9.776611867043627,0,1.0
314,118,5,4.043417378057983,1.8716348330080539,7.180264045557917,0,0.9701441556770147
291,117,2,3.1874385639005047,1.0607075291473076,6.857018217537339,1,0.6948732311223931
299,96,4,1.7212317416911125,3.325668422328082,9.620902300043955,1,1.0
319,120,1,2.83439177405536,1.4234129435116354,7.014183838381361,0,0.6992503490303468
339,96,1,3.2434978534504704,4.492077576118865,9.894694291356174,1,1.0
334,102,1,4.45584632294004,3.092572082788661,9.76835820937481,1,1.0
294,119,2,2.9253335061426595,3.7987596362348337,7.22750523931332,1,0.7936848786318729
322,97,2,4.590698690711827,2.643428367361986,8.477264032160805,1,0.9406611451558398
290,98,3,3.6973959160938756,3.2423192360041946,7.3769513280974905,1,0.803511921041272
307,115,1,1.5479962522146855,4.770636707866522,8.135844139853974,1,0.851170060851643
321,105,4,4.979925477300371,1.330936158494683,6.9916464032906775,0,0.8683022907260969
336,115,4,3.1089306430156505,2.0157510876947846,7.498644713925359,1,0.9908480244501048
338,102,1,2.5674331856363155,4.119953307642177,7.933411124764566,1,0.855127472171846
300,104,1,3.636455057878106,1.3949488275306634,8.16858020076769,0,0.7641270350861937
310,93,1,1.4355732559241563,1.3026444156164434,9.849788325611748,0,0.9160887262336757
315,116,2,3.5461545870134175,2.4461655950161543,9.320540814534022,0,1.0
314,98,2,2.992944001997092,1.3686718338897292,9.100719026253271,0,0.9352408083584716
311,111,2,2.6266962799943325,3.3403137688248123,8.47556890199496,1,0.9408807427893264
316,95,5,4.812080084715596,1.9051010032663993,9.420793013085552,1,1.0
338,118,4,3.090158866928213,4.58279185279749,7.858687247245818,1,1.0
302,99,4,1.8764699178797537,4.134000323381027,9.011765231852745,1,1.0
322,111,3,2.8358539175091946,3.7988208243979047,9.900606003179897,0,1.0
323,120,2,4.677549618290691,3.4677761095380077,7.78164219587782,1,0.9435900512601356
330,113,5,1.7043818853223787,4.453862921365854,8.902934708837979,1,1.0
324,112,5,1.8558281547529476,1.8922482461710275,9.434262376155433,0,1.0
290,110,4,1.052118271028335,4.49243537105691,9.657319660054098,1,1.0
310,104,2,1.0567601975830687,4.157969193696209,9.039949995733117,1,0.9743876389421384
337,105,3,4.31756650783405,3.992643305550742,7.684856721061465,1,0.9781388068470833
295,101,2,3.9284904273718233,3.245022712299696,7.818000312895113,1,0.8191812704944574
317,102,1,2.420164225807833,1.9849766438824004,6.864765060226768,0,0.6262390377861382
306,93,2,3.793244628910291,2.6941916639675854,9.17396425033511,0,0.948368882390227
294,116,1,2.580823705239881,4.174282618155207,6.933347570913288,0,0.6702576923020711
320,117,1,4.8115871839913105,1.1271139374292978,9.497715346360566,0,1.0
294,100,3,4.86821072570414,4.1282030770550335,7.170221117160561,0,0.8064973579804686
327,108,4,2.5711751032373735,1.960282961950266,7.336254717864083,1,0.9228141781486423
292,117,2,4.416887625363472,1.577236802886412,8.28676258899658,1,0.8968947383344745
312,94,1,4.092356166789864,1.4628052727212086,9.102186895326476,0,0.8786078157440751
326,115,2,2.2399997486871572,1.1090000478032604,7.233686880221122,0,0.7697354224181847
326,97,4,1.9281593156044239,3.0943459408858116,8.173021754207475,0,0.9772170405496268
299,96,4,2.8329386015713354,1.873039490774918,8.306495976159527,1,0.9499482061074582
299,96,5,4.125395362457625,4.957727063118526,7.462331202006005,0,0.9617674301130577
308,113,4,4.840671138914981,3.297747023488823,7.1605421352435705,1,0.9377774938511783
306,106,3,4.05431627546629,1.5515410774240417,9.409633279715194,1,1.0
310,114,1,4.42082794007348,3.7550501632454614,8.367692827259829,1,0.9106922390875276
303,108,5,3.412257224682066,4.590974266038901,6.844869456270557,1,0.9340270128700414
298,100,3,4.341631323368503,3.9807179814784575,9.305301660084403,0,1.0
335,94,2,4.13768343201367,1.3057594441577907,9.860076672893506,1,1.0
290,111,1,2.5079421677051204,4.583536724770639,8.690489729692452,1,0.8839059665674771
340,117,4,3.2079612084828844,4.175717543439859,8.3715701677023,0,1.0
334,108,1,4.219012487958779,1.6332156004224574,9.54065749270028,1,1.0
302,120,2,1.1842269367598255,1.2071435549312675,9.771852383815947,1,1.0
293,118,5,4.23231712942332,3.229242301257234,9.154155177615676,1,1.0
290,101,5,1.7115524961960937,1.6241432453599076,8.189813140770978,0,0.9507728520027734
338,94,5,3.058734468485756,4.338363810381088,8.647730765914094,1,1.0
329,109,4,4.23310175822375,2.433338626686695,8.986918338856157,1,1.0
321,109,3,2.0152843126267794,4.6515697789463015,7.40613354152562,0,0.87905726022719
323,108,3,1.983229757224612,3.262752688564023,8.195267220515287,0,0.9506305382830162
317,115,1,2.6110575938490075,1.7306895369586726,9.389042345917929,1,0.9868837251400331
320,94,4,4.578571190310538,1.5583954694392004,8.842743087315142,1,1.0
297,94,5,1.0017711257488315,3.3058897502310156,8.082956689700985,0,0.9481832665300267
328,97,5,4.60553238656774,4.047534447449776,8.869691106125806,1,1.0
315,104,2,1.6152280985664311,4.126022590968729,7.168853925666075,0,0.7482485047034602
323,115,2,4.960345504269928,2.103029617765125,8.052672544962414,1,0.9424377369658155
292,120,5,4.819387972153873,1.81698703564867,9.274561038444736,0,1.0
339,106,5,2.9787007583651333,1.0670252179695296,7.487987415866342,1,1.0
301,116,4,3.0508809912505126,3.7167966048046774,7.380199903579143,0,0.917623626571185
290,100,3,2.926197361103417,1.306273033734156,9.766554218939266,0,1.0
333,95,2,3.5417745826380904,2.683044807063703,7.454880604309039,0,0.7978658275593769
294,105,3,1.3628868089397241,3.4067286560731844,7.614065968508524,0,0.8064084923173027
319,96,4,1.130471793366266,4.748435779678708,9.825201729381535,0,1.0
319,93,5,1.2308117136635954,2.2472085478230746,9.092290739226879,1,1.0
306,102,3,2.7774613969660575,1.9990886497860791,8.982741183033408,1,1.0
337,100,5,2.1021917568779336,3.6166406171443937,9.461130317626294,0,1.0
336,115,5,3.488158249483975,3.4769561282143266,7.161368016578798,1,1.0
312,94,1,4.969769157499115,2.3284391332324983,9.002583458129623,1,0.9154097867604927
304,118,3,2.5452926923058636,4.712407342039146,8.371508461104105,1,1.0
326,119,3,3.2953650164180535,4.379449309958531,9.386949997686516,1,1.0
310,120,5,2.662415583629342,1.8959301834603246,8.385402162235406,1,1.0
303,100,4,4.389086670887437,1.9565701817380927,8.735153025319006,1,1.0
291,94,1,4.608945613848952,3.0492013875483224,8.290555434366553,0,0.774446205533891
300,116,5,4.50942244882104,4.094288406922882,8.291855841494232,1,1.0
340,93,2,4.89748895471703,1.1761615175538576,9.196066331552913,1,1.0
328,103,2,1.1100767405616612,3.7733406149388267,8.761127170019524,1,0.9682432787052893
327,101,1,4.3592646485821245,3.592943589528388,8.77578118902136,0,0.9309220180818598
323,100,4,4.007088692156373,1.925920383651953,8.20488134955436,1,1.0
327,106,5,1.9147776376014591,3.725412052965395,8.457061628573086,1,1.0
339,99,3,4.82528037355011,4.76073276500833,9.126639118558936,1,1.0
323,116,1,1.5927117129197819,1.187143379887074,9.376935667629185,0,0.9548971049802986
307,96,4,3.7181997085356335,2.27860822116825,8.973271574689424,1,1.0
319,102,3,1.89956086726365,2.752706866665421,9.683107725198532,0,1.0
304,118,2,2.7255225950962987,4.597041435698758,9.359411155019266,1,1.0
316,93,2,3.8766395877782758,4.849045786436626,8.553015024205697,0,0.9318218146785591
340,115,3,3.2532985681321867,2.776460985985329,8.894786946648459,0,1.0
323,119,1,2.710007325312447,4.000113648568765,9.69008182399413,0,1.0
327,106,2,2.305353723727949,3.126644095057932,8.731804298038343,1,0.979855124960233
322,97,5,4.358638622835161,3.151131738965506,9.37339767769707,0,1.0
313,99,3,1.5752574012592548,2.1123980602654258,8.94908877120076,0,0.9680055379887516
304,118,3,2.7204115061192002,1.867824983455518,8.522041446508656,0,0.9699245823976894
319,96,2,4.615030287100568,2.1520213836961646,7.554535169695901,0,0.7929690684799522
331,107,1,4.383398201839871,3.2253120290283173,8.129112260741495,1,0.893458147011899
340,117,5,2.6037670498921868,1.116620744088356,9.819357613481193,1,1.0
306,109,1,4.052433454405233,4.628995777425623,8.852227995810512,1,0.954799222983981
294,97,4,4.292643322835437,1.6251348381991049,8.560913586657648,1,0.9926192158136695
318,96,4,4.555549696014519,1.8803547074855462,9.71082467164807,0,1.0
293,119,2,3.178023076196912,3.0731047057905854,8.62991675683684,1,0.9516811600380111
299,107,2,1.8178435442188472,3.8404590653491173,8.441377457462297,0,0.876338595713912
306,104,2,2.0212363060157266,1.3829162189775892,9.16904986806864,1,0.9501353407871074
299,119,4,2.182778696166417,2.2707787901886487,9.023516731238018,1,1.0
306,96,1,3.375209923238462,4.874698422297429,7.40265922623431,1,0.735192339098989
309,104,1,1.1312384965144338,2.049371867123783,8.270481816671257,0,0.765396955685886
313,108,2,3.544169875119873,2.2522005802525875,8.274248181597105,1,0.9079039096578647
294,109,5,2.457416953712928,4.345993962472134,7.980060487559236,1,1.0
323,99,1,2.1809672099585686,1.200857726761821,8.41395566431503,1,0.8179847364320918
295,104,4,4.5179862829125055,2.8584526752358834,8.08889508090869,0,0.9635488857146526
291,120,3,2.8400095823231957,2.518467057806681,7.421957927150091,1,0.8508890445578956
302,110,3,1.3802121821307711,2.2663470396346046,8.086583440297005,1,0.895001307423521
332,117,3,4.306987072104988,2.142798376179058,7.0255040764283105,0,0.8733998547201209
332,94,5,1.1905650297460264,1.3654964194416368,8.596451891856164,0,1.0
337,115,2,3.9069968966727866,2.2593033174065953,9.463402192696268,1,1.0
300,99,4,4.095624887082661,1.1722096108626743,9.062895703186213,1,1.0
340,93,5,2.4104104237154327,4.1238554545777415,7.924429404968826,1,1.0
336,99,4,4.2991514251111465,2.5929111758320467,7.071662161401202,0,0.9004653721590672
312,118,4,3.0626376234258137,2.7756153292796464,7.430706125582844,0,0.9358723976425085
305,104,2,2.8531746130911873,4.574378345800526,8.501929862343887,0,0.9156468091693344
320,104,3,1.1816131258747702,3.632219935444883,7.4460181001550625,1,0.8561757209351666
300,92,2,2.1601167745956236,1.0322364133684792,8.4971961072091,0,0.7977734202858859
305,97,5,4.724039883541199,4.772699291845139,7.522588957263364,1,1.0
297,115,5,2.567295853134,1.9485778639108449,9.448642472765346,0,1.0
293,110,5,3.1868020822270733,1.4304567390394354,8.039486995262234,0,0.9860450373107716
329,107,2,3.128086715937007,4.072512713523529,7.566117952946812,0,0.85621625793851
293,99,4,3.3617243592907733,3.0019092634668727,9.334457682370832,1,1.0
314,119,4,1.2453238225731305,2.7350822640720702,7.869657570193006,1,0.9857804880735559
292,92,1,2.448705019194913,1.998012318730967,7.147841586057,1,0.600886480052385
321,118,5,3.8925130955302167,3.1898859594492746,8.579677613179362,1,1.0
292,118,4,1.8022410042919317,2.09753842081035,8.614480317846525,0,1.0
316,107,1,1.8143135101854417,4.606332021148271,9.02985050673549,1,0.953918721330747
318,100,4,1.040362426756099,1.8608179189327712,7.549484631610163,0,0.8602178592431744
321,104,5,2.749927706432839,4.537420601823014,8.184566577967804,1,1.0
339,102,3,4.530937522693688,3.237621702909428,7.680987907413087,1,0.9632531182021298
340,104,5,1.207603774349236,4.313952535580964,7.052575656680947,0,0.9609679322961777
308,116,2,1.7644748379840105,3.85138398344382,9.535035140289581,0,1.0
310,112,4,2.2403381533710203,3.7867804457469942,9.074073790003624,1,1.0
294,101,4,3.9268989462568515,2.297383230780223,7.740564745511458,1,0.9117536675247484
307,95,2,3.562542371210346,1.935587725888814,8.670043737760597,0,0.8793109178107472
317,118,2,2.66377561832742,1.8435449107231525,7.427943018979554,0,0.8033138356530789
331,97,3,4.036275757033502,4.428766628238355,9.577538260002806,0,1.0
311,119,4,3.4385240466276077,4.281707281036081,7.15850779128916,0,0.9358263434783543
310,98,4,4.584163198628876,2.7622941120492293,6.811971893984339,0,0.8217422383610198
295,96,3,4.272106996554772,1.5296184539858184,8.366265576946248,1,0.9063090948961849
290,102,1,2.0112544243568022,2.5290090079098335,8.619358809172953,1,0.8054962810249302
294,104,3,2.085754310536801,3.4773738165476455,8.60637179932291,1,0.9552520397686477
330,117,5,1.5014259031695425,2.8176126179198113,6.970077213606018,1,0.9693314945880718
301,116,4,2.347858902869826,4.12075707393198,7.779816677585509,0,0.9611966140130219
315,110,2,4.998175674876377,4.990491289005542,8.357500714144955,0,0.9777092484085106
335,114,5,2.623004674460244,1.7645283537955874,7.475727059156991,0,1.0
323,101,4,1.8819537387564256,2.8386032786382898,9.522592762715997,1,1.0
338,101,3,4.0499315379022125,2.723935607683288,7.071780983119674,0,0.8487195279114124
303,102,5,3.1698840138506243,2.2179701309958033,8.320639458016773,0,1.0
315,112,4,1.5984057981078101,1.7923820668811583,8.957218099441034,1,1.0
334,98,1,2.522758724643463,1.262768465958637,7.616663432419585,1,0.7478308154059423
316,109,1,2.6578788621573732,4.548477268894794,8.747631099432256,1,0.9385659072976003
298,95,2,4.015318802276875,2.6793947907452704,9.387681668444209,0,0.9673166124924042
315,93,4,1.0826854755676178,2.9875820740001955,7.393851362296548,0,0.8343740263426711
336,105,1,2.076078587193242,4.667768192803663,9.661728246493572,1,1.0
311,104,3,3.070385205262088,4.105161910063791,8.527102621906558,1,1.0
336,120,4,2.0753869698113734,1.5220050564687368,7.733603853419309,0,0.9891127398872674
319,103,3,3.5137361896759955,3.2616798704309695,8.144277819192684,1,0.9659816751352643
332,98,3,2.9274699170984664,2.7690091060782365,7.774038677413531,0,0.8947973147665294
337,93,1,2.4468410194383226,4.188844290315052,9.062346818991946,1,0.9608414275254025
306,104,4,4.796834507482049,3.896930190447797,9.284458069855212,1,1.0
315,105,5,3.5286379967458297,3.761622887644288,9.398764664034221,1,1.0
325,118,1,1.519765489071765,2.3621793419195876,9.875596938707513,0,1.0
290,108,1,3.240366789773582,4.219854921597018,9.268806992589653,0,0.929840241414285
297,100,4,4.1229274128036035,1.2095651823794449,8.676318300548317,1,1.0
338,108,4,3.8339587899711893,1.638499605728669,7.858367330982365,0,1.0
324,99,3,1.6883569171810375,2.342493091911647,8.499137799977538,1,0.961732629234699
304,93,4,4.889679996160414,1.3072297642771251,6.928132699106064,1,0.8088337098240053
336,119,3,2.795254582986424,1.9399771101387664,9.12385423565333,0,1.0
311,115,1,1.6361000149610452,4.3206039319916725,8.191381300687357,0,0.839593623165718
303,104,2,1.7207830165125917,4.793006151160317,6.862472476764426,0,0.7005103300456577
315,94,5,1.392939968756322,2.218409423096762,6.995021657512481,0,0.8414025985942435
317,107,1,4.214072433739737,2.058063215955353,8.00889536712388,1,0.8284796776659427
312,97,4,1.4881219772873946,2.1195706089857076,8.620275139337517,0,0.9792756687098572
303,110,5,1.5005010285669877,2.1108763494033753,8.248316320730636,0,1.0
313,98,2,4.40188645904335,1.143720728743892,8.731917469951522,1,0.9277035321275227
291,101,2,2.3784163377902385,4.707665385324432,8.29851808742903,1,0.8689071434466427
334,100,3,1.1234316172322898,1.8547925662813136,8.864515997901801,1,1.0
315,93,5,1.2075811980736435,2.6800162963256198,7.483673321772899,1,0.9219223748194616
303,119,3,1.5686817868155822,1.038747530963871,7.1520707440128986,0,0.7740061058969832
340,119,1,1.8535733919027582,4.431820363660229,8.66087393843206,0,0.9713029930645152
296,106,5,3.6605847769536215,3.924629377819669,8.312231292841279,1,1.0
292,96,1,1.629305120007313,4.787024140694813,6.883827080620198,1,0.6155075419863525
336,120,3,1.475497564708288,4.126461916785596,7.987103482738272,0,0.9942102315492805
312,113,5,4.058876565905116,2.254826048208261,7.131111826731906,0,0.9520074870818509
335,95,3,3.6842211354396577,1.9914934349136946,8.45783331506841,0,0.9727429243687769
332,111,5,2.7412968858209448,3.790865230213172,8.034826360540544,0,1.0
336,95,3,3.197239085920416,2.4564511000419977,8.713033962641415,0,1.0
334,109,2,2.247936081305674,3.2648600630104663,9.313478922563144,1,1.0
307,95,3,2.9300016809414426,1.025029884105881,7.734966293585451,1,0.821501490155117
327,118,2,3.026690595930983,1.247542806721901,9.801758564994886,1,1.0
324,108,3,2.5489490847123837,3.141471764726605,8.471179641833231,1,1.0
340,103,5,4.626288842688651,3.2642865857926604,8.729067292114939,0,1.0
304,113,5,1.0642474599240246,4.0058117778373745,8.9236978044643,1,1.0
314,108,5,4.128685052364984,1.527861278495847,8.88020237315568,0,1.0
326,101,4,1.4975313249652973,3.052732335027115,8.394228718300594,0,1.0
317,113,1,4.190189442148798,1.7777905777267544,8.137744588277812,0,0.836794821489073
299,92,5,3.463647662706885,1.3727844782507788,6.967799728233419,0,0.8188916661215839
328,113,2,4.3731123637456095,2.6419831762422183,6.86890783733968,0,0.7841524522968095
306,117,5,1.3900573025635898,1.653346592356229,7.9168389269422255,0,0.9933684801441403
328,115,4,3.235922536399096,1.8871279127692744,7.841021978777121,0,0.9957785725527177
311,118,2,3.0043515210487883,2.270218319478007,8.009608883097702,1,0.8938164017396311
315,109,4,3.8247727318534346,2.037553602972785,7.2317087867711525,0,0.8906398293727307
333,109,2,3.137162207574703,1.3503651896237856,9.103085004074952,1,1.0
314,105,3,3.1629382685324168,1.3596649794388092,9.473728974101865,1,1.0
306,106,1,2.7183837743042587,1.7729976609366727,9.728789662366989,0,0.9610898601088302
302,120,1,2.2353376960293634,1.2022367518381558,8.336170386981232,0,0.8105438743554663
309,103,4,2.9290574450087687,3.5058280787077085,8.986700981271337,1,1.0
314,95,1,1.4739694350736023,2.149306866035608,9.469319505119921,1,0.9194400682981736
293,118,4,4.846053355932339,2.118983871076284,8.105068266611676,1,1.0
299,94,4,3.857643054506393,2.3279931769510607,7.765367919995787,1,0.9031423232797646
292,111,4,4.809868466751388,3.6511850968388866,9.722580614262888,0,1.0
